name,unit,sex,dob,cyst,dis,dod,end,mom
Ababa,A,F,2015-11-26,NA,0,NA,2015-12-26,Aiwa
Abu,A,F,2010-09-05,NA,0,2013-03-01,2013-03-01,Alexandra
Achoo,A,F,2015-11-11,NA,0,NA,2015-12-26,Amelia
Adelalew,unknown,M,2004-01-07,NA,0,NA,2012-11-16,
Agamemmnon,A,M,2011-12-28,NA,0,NA,2015-12-26,Ani
Ait,M,M,2010-09-21,NA,0,2011-09-30,2011-09-30,Mouse
Aiwa,A,F,2003-11-03,NA,0,NA,2015-12-26,
Akira,A,M,2014-03-07,NA,0,NA,2015-12-26,Ani
Alcide,A,M,2010-02-08,NA,0,2010-09-21,2010-09-21,Apie
Alexandra,A,F,2004-05-30,NA,0,NA,2015-12-26,
Alice,A,F,1982-08-20,2006-01-01,0,2006-08-14,2006-08-14,
Amelia,A,F,2010-02-08,NA,0,NA,2015-12-26,Aiwa
Ani,A,F,2001-10-12,NA,0,NA,2015-12-26,
Ant,A,F,2008-12-16,NA,0,NA,2015-12-26,Ani
Apie,A,F,2003-06-12,2010-05-01,0,2010-09-21,2010-09-21,Ani
Apollo,A,M,2013-11-03,NA,0,NA,2015-12-26,Ant
Apple,A,F,1988-01-29,2006-01-01,0,2007-01-24,2007-01-24,
Aren,A,M,2005-12-01,NA,0,2006-08-14,2006-08-14,Alice
Aristotle,A,M,2013-09-29,NA,0,NA,2015-12-26,Alexandra
Arlene,A,F,1984-03-18,NA,0,2008-03-12,2008-03-12,
Autumn,A,F,2010-09-11,NA,0,NA,2015-12-26,Ani
Avatar,A,F,2011-09-25,NA,0,NA,2015-12-26,Aiwa
Avett,A,M,2014-02-17,NA,0,2015-04-29,2015-04-29,Aiwa
Avon,unknown,M,2001-01-12,NA,0,NA,2013-03-02,
Babe,B,F,2007-10-30,NA,0,2014-04-14,2014-04-14,
Baffles,B1,M,2012-10-26,NA,0,2013-12-20,2013-12-20,Beatrice
Baggins,T,M,2008-09-09,NA,0,NA,2015-12-26,Tea
Bajaj,B1,F,2014-09-14,NA,0,NA,2015-12-26,Buna
Balthazar,B1,M,2012-02-16,NA,0,2014-04-30,2014-04-30,Birtha
Barbara,B,F,1998-12-01,NA,0,NA,2015-12-26,
Basil,B1,F,2014-05-25,NA,0,NA,2015-12-26,Brindle
Beatrice,B,F,1998-09-09,2013-02-01,0,2014-12-04,2014-12-04,Bryonny
Becky,B,F,2008-12-31,NA,0,2009-01-15,2009-01-15,Birtha
Bee,B,F,2002-11-11,NA,0,NA,2015-12-26,unknown
Beka,B1,M,2013-12-21,NA,0,NA,2015-12-26,Bimbi
Bella,B,F,2008-08-14,NA,0,NA,2011-06-17,Bombolino
Benzine,unknown,M,1997-07-24,NA,1,NA,2009-05-30,
Berbere,B1,F,2011-09-05,NA,0,2013-10-29,2013-10-29,Barbara
Betty,B,F,1988-08-22,NA,0,2010-08-17,2010-08-17,
Beverly,B,F,2004-12-15,NA,0,NA,2015-12-26,Barbara
Bianca,B1,F,2010-08-16,NA,0,NA,2015-12-26,Buna
Biera,B1,F,2010-04-12,NA,0,NA,2015-12-26,Barbara
Biggie,B1,M,2014-07-19,NA,0,2015-03-02,2015-03-02,Bronte
Bimbi,B,F,2007-05-07,NA,0,NA,2015-12-26,Bryonny
Birtha,B,F,1991-06-12,2009-10-01,0,2013-06-06,2013-06-06,
Bitsy,B,F,2004-12-15,NA,0,2009-11-01,2009-11-01,Beatrice
Bjorn,B1,M,2012-10-12,NA,0,2014-03-09,2014-03-09,Bryonny
Blarney,B,F,2009-02-16,NA,0,2015-04-29,2015-04-29,Bee
Blomkvist,G,M,2010-11-27,NA,0,NA,2015-12-26,Gypsy
Bokkie,B,F,2007-06-16,NA,0,2008-07-16,2008-07-16,Boo
Bombolino,B,F,2002-10-03,NA,0,NA,2011-06-17,Betty
Boo,B,F,2001-10-05,2008-04-01,0,2008-07-16,2008-07-16,
Borneo,B1,F,2012-01-28,NA,0,NA,2015-12-26,Beverly
Bossy,B1,F,2010-09-25,NA,0,NA,2015-12-26,Brindle
Botox,B,F,2004-12-15,NA,0,NA,2011-06-17,Brenda
Boulder,B1,M,2014-10-02,NA,0,NA,2015-12-26,Beverly
Box,B1,M,2015-10-17,NA,0,NA,2015-12-26,Bronte
Boytjie,G,M,2007-11-24,NA,0,NA,2015-12-26,Glenda
Brazil,B2,F,2010-09-21,NA,0,NA,2011-06-17,Botox
Brenda,B,F,1995-06-21,NA,0,NA,2011-06-17,
Brindle,B,F,2005-12-01,NA,0,NA,2015-12-26,Bryonny
Bronte,B,F,2006-11-12,NA,0,NA,2015-12-26,Birtha
Bryonny,B,F,1988-12-26,NA,0,2013-12-20,2013-12-20,
Bubba,unknown,M,1998-07-04,2008-03-01,1,NA,2011-02-20,
Bucket,B1,F,2014-07-13,NA,0,NA,2015-12-26,Buffy
Buffy,B,F,2008-09-03,NA,0,NA,2015-12-26,Barbara
Buggaboo,B1,F,2010-05-12,NA,0,2011-12-10,2011-12-10,Birtha
Bumblebee,unknown,M,2001-04-19,NA,0,NA,2015-12-26,
Buna,B,F,1998-12-01,NA,0,NA,2015-12-26,
Burpee,B1,F,2014-06-01,NA,0,NA,2015-04-29,Barbara
Byork,B1,F,2010-07-16,NA,0,NA,2015-12-26,Beatrice
Caesar,C3,M,2013-01-29,NA,0,NA,2015-12-26,Cassie
Cag,C3,M,2013-03-17,NA,0,2013-09-16,2013-09-16,Chuxi
Caiperinha,C1,F,2013-06-01,NA,0,NA,2015-12-26,Corona
Cake,C,F,2002-09-19,NA,0,2011-09-09,2011-09-09,
Cali,C,F,1988-07-24,2006-01-01,0,2013-07-17,2013-07-17,
Capricorn,C,F,2005-12-01,NA,0,NA,2015-12-26,Cali
Carmen,C,F,1997-03-01,NA,0,NA,2015-12-26,Cali
Cassie,C,F,2002-09-04,NA,0,NA,2015-12-26,
Cauliflower,C4,F,2013-02-08,NA,0,NA,2015-12-26,Cee
Ccc,C1,F,2012-12-20,NA,0,2012-12-21,2012-12-21,Coo
Cecelia,C,F,2005-06-15,NA,0,2006-09-13,2006-09-13,Celia
Cee,C,F,2003-02-15,2013-02-01,0,2014-02-27,2014-02-27,
Celia,C,F,1999-03-10,NA,0,2006-09-13,2006-09-13,
Cepheus,C4,M,2013-01-28,NA,0,2013-03-28,2013-03-28,Capricorn
Cersei,C3,F,2015-10-15,NA,0,NA,2015-12-26,Cassie
Ceylon,C,F,2005-06-15,NA,0,NA,2015-12-26,Corona
Chihuahua,C,F,2004-06-15,NA,0,2010-11-02,2010-11-02,Contico
Chuxi,C,F,2006-07-28,NA,0,NA,2015-12-26,
Cinnamon,C4,F,2013-01-10,NA,0,NA,2015-12-26,Ceylon
Claudia,C,F,1981-03-28,NA,0,2008-03-21,2008-03-21,
Cleo,C3,F,2014-06-13,NA,0,NA,2015-12-26,Chuxi
Clover,C3,F,2009-02-20,NA,0,NA,2015-12-26,Cassie
Clymax,C1,M,2010-03-01,NA,0,NA,2015-12-26,Carmen
Coco,C1,F,2004-02-17,NA,0,NA,2015-12-26,Carmen
Colleen,C,F,1989-05-25,NA,0,2011-05-10,2011-05-10,
Contico,C,F,1990-07-06,NA,0,2009-07-01,2009-07-01,
Coo,C,F,2002-07-18,2011-04-01,0,2012-12-21,2012-12-21,Corona
Copernicus,C4,M,2014-02-21,NA,0,2015-03-11,2015-03-11,Capricorn
Corona,C,F,1994-09-01,NA,0,NA,2015-12-26,
Cranberry,C3,F,2011-09-21,NA,0,2012-06-15,2012-06-15,Cassie
Cream,C3,F,2009-04-11,NA,0,2011-10-01,2011-10-01,Cake
Cristos,C1,M,2013-09-26,NA,0,NA,2015-12-26,Carmen
Crunch,C4,M,2013-10-30,NA,0,NA,2015-12-26,Coco
Cuervo,C1,M,2010-09-30,NA,0,NA,2015-12-26,Corona
Cynthia,C1,F,2010-01-24,NA,0,NA,2015-12-26,Cali
Daenarys,D,F,2013-06-24,NA,0,NA,2015-12-26,Dessie
Daisy,D,F,2009-10-18,NA,0,NA,2015-12-26,Dawn
Dale,D,M,2009-05-04,NA,0,NA,2015-12-26,Dessie
Dante,B1,M,2011-12-20,NA,0,NA,2015-12-26,Bronte
Darren,M,M,2008-05-23,NA,0,2008-10-22,2008-10-22,Mabel
Dasher,D,F,2015-12-25,NA,0,NA,2015-12-26,Diana
Daunte,D,M,2005-12-01,NA,0,2009-03-28,2009-03-28,Debra
Dave,C2,M,2009-06-09,NA,0,2009-06-25,2009-06-25,Colleen
Dawn,D,F,2003-11-08,NA,0,2012-07-09,2012-07-09,
Debra,D,F,1997-05-01,2013-02-01,0,NA,2015-12-26,
Decepticon,unknown,M,2002-04-19,NA,0,NA,2010-07-10,
Degu,unknown,M,2006-12-01,NA,0,2015-03-28,2015-03-28,
Delia,D,F,2001-02-16,2009-12-01,0,NA,2015-12-26,Dotty
Demon,unknown,M,2006-12-10,NA,0,NA,2015-12-26,
Dessie,D,F,2003-01-27,NA,0,NA,2015-12-26,Debra
Devil,unknown,M,1999-01-02,NA,0,NA,2015-12-26,
Diana,D,F,2007-05-25,NA,0,NA,2015-12-26,Delia
Diego,unknown,M,2004-03-11,NA,0,NA,2015-12-26,
Dikos,unknown,M,2002-10-12,NA,0,NA,2014-06-03,
Dill,D,M,2010-10-29,NA,0,NA,2015-12-26,Debra
Dinky,D,F,2013-04-01,NA,0,NA,2015-12-26,Diana
Dixy,D,F,2009-01-14,NA,0,NA,2015-12-26,Debra
Django,O,M,2003-04-02,NA,0,NA,2014-10-16,
Djembe,L,M,2008-02-23,NA,0,NA,2013-01-31,Lorna
Djibouti,unknown,M,1997-01-03,NA,1,NA,2013-08-12,
Dolly,D,F,2009-09-03,NA,0,NA,2015-12-26,Delia
Domino,M,M,2008-12-12,NA,0,NA,2015-12-26,Moo
Don Juan,D,M,2006-09-14,NA,0,NA,2015-12-26,Dotty
Doodah,Z,M,2011-09-18,NA,0,NA,2015-12-26,Zipadee
Doppler,D,M,2011-10-04,NA,0,NA,2015-12-26,Delia
Dotty,D,F,1985-05-20,NA,0,2009-05-14,2009-05-14,
Doughty,D,M,2009-04-16,NA,0,2009-05-14,2009-05-14,Dotty
Drogo,D,M,2013-05-28,NA,0,NA,2015-12-26,Debra
Dubai,unknown,M,1996-10-18,NA,0,NA,2010-12-14,
Dude,Z,M,2008-08-10,NA,0,2013-12-16,2014-01-10,Zipadee
Dumbass,unknown,M,2000-05-31,NA,0,NA,2013-10-31,
Elias,T,M,2007-06-07,NA,0,NA,2015-12-26,Trudy
Elrond,unknown,M,2003-07-14,NA,1,NA,2012-03-13,
Erckel,unknown,M,2006-07-08,NA,0,NA,2015-12-26,
Eric,C1,M,2010-01-15,NA,0,NA,2015-12-26,Cee
Ernie,Z1,M,2001-07-15,2014-07-14,0,NA,2015-12-26,
Eros,unknown,M,2005-06-04,NA,1,NA,2014-07-19,
Fabio,unknown,M,2006-04-05,NA,0,NA,2015-12-26,
Fantine,F-old,F,1994-07-20,NA,0,NA,2010-07-16,
Farrah,F-old,F,1991-07-21,NA,0,NA,2010-07-16,
Fawcett,F-old,F,2007-10-27,NA,0,NA,2010-07-16,Farrah
Faye,F-old,F,1994-07-20,NA,0,NA,2010-07-16,#N/A
Fema,F-old,F,2004-12-15,NA,0,NA,2010-07-16,Fantine
Fidget,F-old,F,2004-06-15,NA,0,NA,2010-07-16,Fifa
Fifa,F-old,F,1988-07-21,2009-06-01,0,NA,2010-07-16,
Flip,unknown,M,2000-04-19,NA,0,NA,2010-05-27,
Flo,F-old,F,1983-08-25,NA,0,2007-08-19,2007-08-19,
Flying Dutchman,N,M,2011-12-13,NA,0,NA,2015-12-26,Nardos
Foo,F-old,F,2009-04-22,NA,0,2009-07-23,2009-07-23,Faye
Fox,F-old,?,2008-10-07,NA,0,2009-06-17,2009-06-17,Fifa
Francisco,unknown,M,1997-04-19,NA,0,NA,2010-12-07,
Fred,unknown,M,2001-04-22,NA,0,NA,2010-07-16,
Fritter,F-old,F,2010-05-15,NA,0,NA,2010-07-16,Farrah
Fuji,unknown,M,1998-11-12,NA,1,NA,2009-05-18,
Fuschia,F-old,F,2010-03-20,NA,0,NA,2010-07-16,Fifa
Gabon,unknown,M,1995-07-05,2008-02-01,1,NA,2009-07-25,
Gaga,G,F,2013-06-13,NA,0,NA,2015-12-26,Gaia
Gaia,G,F,2007-10-24,NA,0,NA,2015-12-26,Greta
Gap,unknown,M,2002-01-01,NA,0,NA,2014-08-23,
Garth,unknown,M,1996-07-04,NA,0,NA,2006-07-29,
Gashaw,unknown,M,2005-01-27,NA,0,NA,2015-12-26,
Gavin,G,M,2010-09-23,NA,0,NA,2015-12-26,Grace
Gebs,T,M,2007-07-14,NA,0,2008-09-12,2008-09-12,Tef
Gemma,C2,M,2010-12-08,NA,0,2011-05-20,2011-05-20,Colleen
George,unknown,M,2000-10-22,NA,1,NA,2010-02-25,
Ghion,G,F,2007-04-12,NA,0,2009-05-05,2009-05-05,Grace
Ghost,G,F,2007-10-24,2015-04-01,0,NA,2015-12-26,Gypsy
Giardia,G,M,2013-08-30,NA,0,NA,2015-12-26,Gladys
Gibsha,G,M,2013-06-18,NA,0,NA,2015-12-26,Glenda
Ginger,G,F,1991-08-12,2007-04-10,0,2010-08-07,2010-08-07,
Gizmo,V,M,2012-02-24,NA,0,NA,2015-12-26,Vye
Gladys,G,F,1996-06-01,NA,0,NA,2015-12-26,
Glenda,G,F,2002-07-23,NA,0,NA,2015-12-26,Gladys
Gob,T,M,2008-03-29,NA,0,NA,2013-12-05,Tiny
Gohnete,unknown,M,2000-10-01,NA,0,NA,2015-12-26,
Gonzo,M,M,2009-01-08,NA,0,NA,2013-10-03,Meena
Gordo,unknown,M,2005-03-26,NA,0,NA,2013-08-11,
Gouder,G,M,2015-10-14,NA,0,NA,2015-12-26,Gaia
Grace,G,F,1998-09-26,2009-08-01,0,2012-03-01,2012-04-09,
Greta,G,F,1985-05-11,2006-01-01,0,2009-05-05,2009-05-05,
Grub,G,M,2007-05-23,NA,0,NA,2013-07-14,Gladys
Guilford,G,F,2015-10-15,NA,0,2015-10-22,2015-10-22,Gypsy
Guppy,G,F,2014-06-15,NA,0,NA,2015-12-26,Ghost
Gursha,G,M,2013-07-14,NA,0,NA,2015-12-26,Gypsy
Gynnie,G,F,2009-10-14,NA,0,2010-08-07,2010-08-07,Ginger
Gypsy,G,F,2001-07-18,NA,0,2015-10-22,2015-10-22,
Hadar,H,F,1991-02-06,NA,0,2010-02-01,2010-02-01,
Happy,H,F,2006-12-04,2009-12-01,0,2011-12-01,2011-12-01,Hadar
Harriet,H,F,1994-02-05,2007-03-01,0,NA,2013-01-31,
Hate,H,F,2007-01-03,NA,0,NA,2013-01-31,Harriet
Haunt,H,F,2006-03-01,NA,0,NA,2013-01-31,Hester
Havock,H1,?,2012-09-03,NA,0,NA,2013-01-31,Heksie
Hazel,H2,F,2011-09-21,NA,0,2012-10-01,2012-10-01,Himanot
Heath,H2,F,2010-07-17,NA,0,NA,2013-01-31,Hippie
Hedwig,H1,?,2012-07-14,NA,0,NA,2013-01-31,Haunt
Heidi,H2,F,2009-03-01,NA,0,NA,2013-01-31,Himanot
Heksie,H,F,1994-02-05,NA,0,NA,2013-01-31,
Helen,H,F,1994-02-27,2008-03-01,0,2010-02-23,2010-02-23,
Hemlock,H2,F,2011-10-27,NA,0,NA,2013-01-31,Hickory
Hershey,H,F,1994-02-05,NA,0,NA,2013-01-31,Hadar or Hester
Hester,H,F,1994-02-05,NA,0,NA,2013-01-31,
Hewhoshallnotbenamed,G,M,2010-10-08,NA,0,NA,2015-12-26,Glenda
Hhh,unknown,M,2007-05-01,NA,0,NA,2014-01-08,
Hickory,H,F,1994-02-05,NA,0,NA,2013-01-31,
Hillary,H,F,1983-06-28,2006-01-01,0,2007-06-22,2007-06-22,
Himanot,H,F,2002-07-19,NA,0,2012-10-01,2012-10-01,
Hippie,H,F,2004-06-26,NA,0,NA,2013-01-31,Harriet
Hoe,H1,F,2009-03-24,NA,0,2010-02-01,2010-02-01,Hadar
Holly,H,F,2004-02-03,NA,0,2007-04-11,2007-04-11,
Hon,H,F,1994-02-05,2008-03-01,0,NA,2013-01-31,
Hoover,unknown,M,2001-11-01,NA,1,NA,2014-03-22,
Hope,H,F,1995-02-26,2008-02-01,0,2011-02-22,2011-02-22,
Horatio,T,M,2011-06-30,NA,0,NA,2015-12-26,Tess
Houdini,unknown,M,2001-01-12,NA,1,NA,2011-08-17,
Hug,H1,F,2009-04-27,NA,0,NA,2013-01-31,Hon
Hunter,S,M,2010-02-01,NA,0,2010-03-05,2010-03-05,Sweetpea
Hupu,H,F,2003-09-05,NA,0,NA,2013-01-31,Hadar
Huxley,unknown,M,2000-11-29,NA,0,2010-05-06,2010-05-06,
Hye,H1,F,2009-10-15,NA,0,NA,2013-01-31,Heksie
Hyrax,H,F,2008-02-05,NA,0,2008-05-20,2008-05-20,Hickory
Igor,unknown,M,2002-06-12,NA,0,NA,2012-06-01,
Imax,M,M,2008-04-01,NA,0,2008-10-04,2008-10-04,Maxine
Imposter,T?,M,2006-02-01,NA,0,NA,2015-12-26,
Isaac,C1,M,2010-07-09,NA,0,NA,2015-12-26,Coco
Itchy,unknown,M,1998-05-25,NA,1,NA,2009-11-01,
Jack Sparrow,N,M,2011-10-15,NA,0,NA,2015-12-26,Nadia
Janice,J1,F,2015-11-01,NA,0,NA,2015-12-26,Jinka
Jarvey,J,M,2012-05-11,NA,0,NA,2015-12-26,Jools
Jason Bourne,unknown,M,2008-01-01,NA,0,NA,2015-12-26,
Jax,J,F,2013-03-28,NA,0,NA,2015-12-26,Jinka
Jemarcus,J1,M,2015-10-07,NA,0,NA,2015-12-26,Jools
Jenga,J,M,2009-07-19,NA,0,2011-09-26,2011-09-26,Jools
Jinka,J,F,2001-05-01,NA,0,NA,2015-12-26,
Jitterbug,unknown,F,2011-11-18,NA,0,NA,2014-12-13,Jubilee
JLO,J,F,1990-02-06,2009-02-01,0,2010-04-12,2010-04-12,
Johnny Depp,unknown,M,2002-01-22,NA,0,NA,2015-12-26,
Joker,J,M,2009-11-19,NA,0,NA,2015-12-26,Jinka
Jools,J,F,2003-07-01,NA,0,NA,2015-12-26,
Jubilee,unknown,F,2001-06-01,NA,0,NA,2014-12-13,
Jude,unknown,M,2008-05-02,NA,0,NA,2015-12-26,Jubilee
Juju,J,M,2007-02-15,NA,0,2009-03-20,2009-03-20,Jinka
Julian,unknown,M,2008-05-02,NA,0,NA,2014-12-13,Jubilee
Kaleidescope,K,F,2011-08-24,NA,0,NA,2015-12-26,Kima
Kama Sutra,K,F,2011-09-30,NA,0,2012-01-07,2012-01-07,Keegle
Kara,K,F,1991-01-06,NA,0,2010-12-10,2010-12-10,
Kaye,K,F,2008-12-25,NA,0,2009-06-01,2009-06-01,Kima
Keegle,K,F,2001-03-01,NA,0,NA,2015-12-26,
Ketchup,unknown,M,2002-12-10,NA,1,NA,2011-08-18,
Killer,K,M,2007-03-21,NA,0,NA,2015-12-26,Kima
Kima,K,F,1991-05-30,NA,0,2013-05-24,2013-05-24,
Kinky,K,F,2003-11-24,2011-04-01,0,2011-06-08,2011-06-08,Kara
Kirby,K,M,2013-06-30,NA,0,2014-04-02,2014-04-02,Kylie
Kixx,K,F,2009-01-25,NA,0,2009-05-31,2009-05-31,Kara
Klipspringer,K,F,2010-03-01,NA,0,2011-06-08,2011-06-08,Kinky
Klondike,K,F,2007-03-11,NA,0,2010-01-01,2010-01-10,#N/A
Knuckles,unknown,M,1998-04-19,2009-04-01,1,NA,2013-08-22,
Kocomo,K,M,2010-08-28,NA,0,2011-02-17,2011-02-17,Keegle
Kokh,K,M,2015-10-11,NA,0,NA,2015-12-26,Keegle
Kondrashov,K,F,2012-11-10,NA,0,NA,2015-12-26,Keegle
Korada,unknown,M,1997-01-03,NA,0,2009-06-12,2009-06-12,
Kosie,N,M,2008-08-14,NA,0,2009-03-05,2009-03-05,Nima
Kylie,K,F,2007-03-11,NA,0,NA,2015-12-26,Keegle
Kyte,K,F,2014-11-21,NA,0,NA,2015-12-26,Kylie
Lada,L,F,1995-03-13,2010-10-01,0,2011-03-09,2011-03-09,
Lamu,L,F,1991-05-24,NA,0,2010-04-02,2010-04-02,
Lbaby,L,M,2011-11-22,NA,0,2011-12-08,2011-12-08,Lolita
Leatherface,unknown,M,2001-03-06,NA,0,NA,2011-06-17,
Leba,unknown,M,1997-10-15,NA,1,NA,2011-06-06,
Lee,L,F,2003-05-07,NA,0,NA,2013-01-31,Lada
Lefty,L,F,1983-01-30,2006-01-01,0,2007-01-24,2007-01-24,
Lennon,unknown,M,2005-12-06,NA,0,NA,2015-12-26,
Lero,L,M,2008-08-16,NA,0,2008-12-01,2008-12-01,Lamu
Licorice,L,F,2010-09-28,NA,0,NA,2013-01-31,Lisa
Lima,L,F,1999-08-26,2006-01-01,0,2007-01-24,2007-01-24,
Linzy,L,F,2005-12-01,NA,0,NA,2013-01-31,Lolita
Lippy,L,F,1986-08-12,NA,0,2010-08-06,2010-08-06,
Lisa,L,F,1994-02-05,NA,0,NA,2013-01-31,
Little,L,F,2004-12-15,NA,0,NA,2013-01-31,Lorna
Lizzy,L,F,2009-09-10,NA,0,NA,2013-01-31,Lee
Lll,L,M,2012-12-04,NA,0,NA,2013-01-31,Little
Llq,L,F,2012-12-11,NA,0,NA,2013-01-31,Lee
Loba,L,F,2011-06-03,NA,0,NA,2013-01-31,Loo
Lolita,L,F,1996-01-04,NA,0,NA,2013-01-31,
Loo,L,F,2002-10-05,NA,0,NA,2013-01-31,Lorna or Lamu
Lorna,L,F,1994-02-05,NA,0,NA,2013-01-31,
Louis,L,M,2009-09-10,NA,0,2010-05-19,2010-05-19,Lamu
Luigi,Z2,M,1999-07-20,NA,1,NA,2014-08-29,
Lulu,L,F,2012-01-03,NA,0,2012-08-08,2012-08-08,Lorna
Luna,L,F,2005-12-01,NA,0,NA,2013-01-31,Lisa
Lychen,L,M,2006-09-05,NA,0,2007-01-24,2007-01-24,Lefty
Mabel,M,F,1993-08-11,NA,0,2009-08-07,2009-08-07,
MacBeth,M1,F,2014-09-02,NA,0,NA,2015-12-26,Meena
Madeline,M,F,2005-10-01,NA,0,NA,2015-12-26,Mary
Magdalene,M,F,2007-12-14,NA,0,2008-05-01,2008-05-01,Mary
Maitai,M,F,2010-10-18,NA,0,NA,2015-12-26,Meena
Malawi,unknown,M,1995-07-05,NA,1,NA,2006-05-29,
Mambo,M,F,2010-10-05,NA,0,NA,2015-12-26,Midge
Mary,M,F,1997-08-25,2006-01-01,0,NA,2015-12-26,
Mastika,M1,F,2014-09-20,NA,0,NA,2015-12-26,Mimi
Matt,unknown,M,1998-04-22,NA,1,NA,2011-01-29,
Maude,M,F,1982-05-25,2006-01-01,0,2006-05-19,2006-05-19,
Maxine,M,F,1992-10-08,NA,0,2008-10-04,2008-10-03,
Maze,M,F,2004-12-15,NA,0,NA,2015-12-26,Monica
Mebet,M1,F,2014-02-25,NA,0,NA,2015-12-26,Moira
Meena,M,F,1998-01-01,NA,0,NA,2015-12-26,
Meg,M,F,2009-02-09,NA,0,2009-10-25,2009-10-25,Midge
Mei,M2,F,2012-08-07,NA,0,NA,2015-12-26,Moo
Mekele,M2,M,2014-01-25,NA,0,NA,2015-12-26,Midge
Mhetik,unknown,M,2002-03-29,NA,0,NA,2015-12-26,
Miagi,M,M,2010-09-23,NA,0,NA,2015-12-26,Muppet
Mickey,M2,F,2012-06-05,NA,0,NA,2015-12-26,Madeline
Midge,M,F,2002-11-04,NA,0,NA,2015-12-26,Mary
Mienke,M,F,2007-10-04,NA,0,2008-05-01,2008-05-01,Mimi
Millie,M1,F,2013-12-10,NA,0,NA,2015-12-26,Maze
Mimi,M,F,1998-09-09,NA,0,NA,2015-12-26,
Mistletoe,M1,F,2012-12-03,NA,0,2014-09-17,2014-09-17,Meena
Mite,A1,M,2006-01-27,NA,0,2006-06-07,2006-06-07,Axum
Moby Dick,unknown,M,1999-06-15,2009-09-01,0,NA,2013-06-29,
Mohammed,M2,M,2014-09-09,NA,0,NA,2015-12-26,Madeline
Moira,M,F,2007-07-12,NA,0,NA,2015-12-26,Monica
Mojo,M,M,2009-02-03,NA,0,NA,2015-12-26,Mary
Mola,unknown,M,1995-07-05,NA,1,NA,2008-04-08,
Momo,M1,M,2013-12-10,NA,0,2015-04-29,2015-04-29,Muppet
Monica,M1,F,1993-06-06,NA,0,NA,2015-12-26,
Moo,M,F,2002-10-24,NA,0,NA,2015-12-26,
Moria,M2,F,2011-11-18,NA,0,2011-11-30,2011-11-30,Mary
Mouse,M,F,2004-12-15,NA,0,NA,2015-12-26,Mimi
Mowtat,M1,F,2014-08-16,NA,0,NA,2015-12-26,Munchkin
Moyst,M2,F,2015-11-22,NA,0,NA,2015-12-26,Midge
MrTambourine Man,unknown,M,2002-12-19,NA,1,NA,2011-05-28,
Muckluck,M1,F,2014-01-01,NA,0,NA,2015-12-26,Monica
Mufassa,M2,M,2014-03-18,NA,0,NA,2015-12-26,Mary
Mugbug,M2,M,2012-09-15,NA,0,2013-08-11,2013-08-11,Mary
Mulu,unknown,M,2003-05-30,NA,0,NA,2014-03-27,
Mummy,unknown,M,2003-11-13,NA,0,NA,2012-05-30,
Munchkin,M,F,2009-02-01,NA,0,NA,2015-12-26,Mimi
Muppet,M,F,2004-02-24,2014-01-01,0,2015-04-29,2015-04-29,Meena
Myce,M1,M,2012-10-29,NA,0,NA,2015-12-26,Mouse
Mylo,M1,M,2013-10-14,NA,0,2014-01-29,2014-01-29,Mimi
Myrtle,M2,F,2014-09-10,NA,0,NA,2015-12-26,Moo
Mystery,M1,F,2011-10-15,NA,0,2012-08-11,2012-08-11,Monica
Myte,M1,M,2014-12-08,NA,0,NA,2015-12-26,Mouse
Nadia,N,F,2005-09-01,NA,0,NA,2015-12-26,Nardos
Nafta,unknown,M,1997-11-24,NA,1,NA,2009-04-10,
Nancy,N,F,1994-08-22,2007-03-01,0,2007-08-19,2007-08-19,
Nardos,N,F,1999-09-01,NA,0,NA,2015-12-26,
Naughty,N,F,2008-06-15,NA,0,NA,2015-12-26,
Nech,unknown,M,1993-01-04,NA,1,NA,2006-05-23,
Neena,N,F,2015-03-05,NA,0,NA,2015-12-26,Nardos
Neptune,N,M,2012-03-28,NA,0,NA,2015-12-26,Noggin
Niblet,N,M,2015-07-30,NA,0,NA,2015-12-26,Nadia
Nico,N,M,2013-06-27,NA,0,2013-08-26,2013-08-26,Nymphadora
Niguse,N,M,2014-08-14,NA,0,2014-12-24,2014-12-24,Nadia
Nikon,unknown,M,1998-05-25,NA,0,NA,2013-01-31,
Nima,N,F,1993-03-09,NA,0,2009-03-05,2009-03-05,
Noggin,N,F,2005-06-01,NA,0,NA,2015-12-26,Nokia
Noha,unknown,M,2003-04-11,NA,0,NA,2015-12-26,
Nokia,N,F,1996-09-04,NA,0,2009-09-01,2009-09-01,
NoNo,N,M,2014-11-12,NA,0,NA,2015-12-26,Naughty
Nubbin,N,M,2008-12-13,NA,0,NA,2013-05-18,Nardos
Nugget,N,M,2014-10-01,NA,0,NA,2015-12-26,Noggin
Nyala,unknown,M,2001-11-01,NA,1,NA,2012-03-05,
Nylon,N,F,2014-11-12,NA,0,NA,2015-12-26,Nymphadora
Nymphadora,N,F,2006-12-18,NA,0,NA,2015-12-26,
Oakley,H1,M,2011-10-24,NA,0,2012-11-03,2012-11-03,Hester
Oasis,Z,M,2007-09-10,NA,0,NA,2011-12-20,Zimbaba
Oberon,unknown,M,2006-03-20,NA,0,NA,2015-12-26,
Ochre,O,F,2008-11-13,NA,0,NA,2015-06-01,
Odysseus,O,M,2011-09-02,NA,0,NA,2014-10-16,Omi
Oink,M2,M,2011-11-04,NA,0,2011-12-09,2011-12-09,Moo
Okidoki,O,F,1994-12-06,2014-04-24,0,NA,2015-06-01,
Olay,unknown,M,2002-03-01,NA,0,NA,2010-10-11,
Omar,M,M,2010-10-21,NA,0,NA,2015-12-26,Maze
Omily,O,F,2007-05-10,NA,0,NA,2015-06-01,
Onyxia,O,F,2012-10-14,NA,0,NA,2015-06-01,Okidoki
Opal,O,F,2010-09-01,NA,0,NA,2015-06-01,
Optimus Prime,unknown,M,2001-04-19,NA,1,NA,2012-03-13,
Orchid,O,F,2013-09-10,NA,0,NA,2015-06-01,Oshkosh
Oregon,C,M,2007-12-22,NA,0,NA,2015-12-26,Cali
Orion,unknown,M,1997-01-03,NA,0,2008-06-26,2008-06-26,
Oscar,unknown,M,2003-04-30,NA,0,NA,2014-03-25,
Oshkosh,O,F,1994-12-06,NA,0,NA,2015-06-01,
OTangle,unknown,M,2004-04-15,NA,0,NA,2015-12-26,
Othello,O,M,2013-08-15,NA,0,NA,2014-10-16,Omily
Oupa,unknown,M,2001-09-03,NA,0,NA,2012-08-28,
Owen,C1,M,2010-01-01,NA,0,2012-12-21,2012-12-21,Coo
Partial,P,F,1993-09-04,NA,0,2006-09-01,2006-09-01,
Patsy,P,F,1988-03-31,2007-03-01,0,2007-03-27,2007-03-27,
Pea,P,F,2001-10-10,NA,0,NA,2008-04-12,
Pelican,C,M,2007-07-19,NA,0,2009-07-28,2009-07-28,Contico
Penelope,P,F,1992-04-16,NA,0,NA,2008-04-12,
Peri,P,F,1995-04-16,NA,0,NA,2008-04-12,
Phoenix,unknown,M,2003-12-01,NA,0,NA,2015-12-26,
Pia,P,F,1992-04-16,NA,0,NA,2008-04-12,
Pip,G,M,2010-10-30,NA,0,NA,2015-12-26,Gladys
Pita,P,F,1995-04-16,NA,0,NA,2008-04-12,
Pod,P,F,2007-09-15,NA,0,NA,2008-04-12,Pea
Poe,P,F,2007-01-16,NA,0,NA,2008-04-12,Penelope
Poof,P,F,2006-09-01,NA,0,NA,2008-04-12,Putty
Presto,P,F,2005-06-15,NA,0,NA,2008-04-12,Proxy
Proxy,P,F,1995-04-16,NA,0,NA,2008-04-12,
Pterodactyl,T,M,2011-09-05,NA,0,2012-08-01,2012-08-01,Tiny
Puff,P,F,2005-06-01,NA,0,NA,2008-04-12,Pita
Putty,P,F,2000-05-26,2008-03-01,0,NA,2008-04-12,
Qalada,Q,F,2013-02-23,NA,0,NA,2015-12-26,Qtip
Qaria,Q,M,2010-09-29,NA,0,NA,2015-12-26,
Qhorin,unknown,M,2001-04-14,NA,0,NA,2015-12-26,
Qtip,Q,F,2004-01-01,2013-10-14,0,NA,2015-12-26,
Quasi,unknown,M,2001-09-22,2010-10-01,1,NA,2011-04-11,
Quinn,unknown,M,2000-08-18,NA,0,NA,2013-03-07,
Qweef,Q,M,2014-10-01,NA,0,2015-04-29,2015-04-29,Blarney
Qwoffi,Q,M,2014-04-30,NA,0,NA,2015-12-26,Bee
Rasta,R,F,2007-03-12,NA,0,NA,2013-01-31,Rita
RazAlGhul,unknown,M,2003-03-16,NA,1,NA,2012-05-27,
Rbt,R,F,2009-09-28,NA,0,NA,2013-01-31,Ricki
Red,R,F,2006-12-05,NA,0,NA,2013-01-31,Ruby
Reese,R,F,2009-07-07,NA,0,NA,2013-01-31,Ruby
Rex,H,M,2007-01-01,NA,0,2008-03-27,2008-03-27,Hope
Rhino,unknown,M,2001-02-09,2009-04-01,0,NA,2012-11-16,
Rhonda,R,F,1996-07-10,NA,0,2009-07-07,2009-07-07,
Rhubarb,R,M,2012-02-07,NA,0,NA,2013-01-31,Roo
Rhyme,R,M,2012-07-04,NA,0,NA,2013-01-31,Ruby
Ricki,R,F,2001-04-03,NA,0,NA,2013-01-31,
Rikola,R,F,2007-07-10,NA,0,NA,2013-01-31,Ricki
Rita,R,F,1988-02-07,NA,0,NA,2013-01-31,
Robin,unknown,M,1997-01-21,NA,1,NA,2008-11-10,
Romulus,unknown,M,2003-02-18,NA,0,NA,2013-01-31,
Roo,R,F,2002-07-30,NA,0,NA,2013-01-31,
Rosemary,R,F,2012-04-03,NA,0,NA,2013-01-31,Roxanne
Roxanne,R,F,2004-12-15,NA,0,NA,2013-01-31,Roz
Royal,unknown,M,1997-12-10,NA,1,NA,2008-03-14,
Roz,R,F,1994-02-05,NA,0,NA,2013-01-31,
Ruby,R,F,1994-02-05,NA,0,NA,2013-01-31,
Ruce,R,F,2010-10-26,NA,0,2012-01-27,2013-01-31,Rita
Rufio,unknown,M,2008-03-20,NA,0,NA,2014-10-16,
Rupee,R,F,2012-06-27,NA,0,NA,2013-01-31,Rita
Rwanda,unknown,M,1996-01-04,NA,1,NA,2010-10-21,
Saat,unknown,M,1997-01-03,2008-02-01,0,NA,2010-07-16,
Sac,L,M,2005-12-01,NA,0,2007-01-24,2007-01-24,Lima
Sadie,S,F,2008-05-29,NA,0,NA,2010-10-11,
Sassy,S,F,2004-03-01,NA,0,NA,2010-10-11,
Sawyer,unknown,M,1999-02-07,NA,0,2015-04-18,2015-04-18,
Sean,D,M,2007-10-24,NA,0,NA,2015-12-26,Debra
Seed,A,M,2006-12-29,NA,0,2007-01-24,2007-01-24,Apple
Sega,unknown,M,2004-08-17,NA,0,NA,2015-12-26,
Setey,unknown,M,2002-07-25,NA,0,NA,2015-12-26,
Seymore,M,M,2006-05-08,NA,0,NA,2013-01-27,Mabel
Sheno,P,M,2005-06-15,NA,0,2006-05-30,2006-05-30,Penelope
Shimelis,P,M,1997-09-15,NA,0,NA,2008-04-12,
Shmikos,unknown,M,2003-12-05,NA,0,NA,2012-11-08,
Sienna,S,F,2002-03-01,NA,0,NA,2010-10-11,
Simba,S,F,2008-03-01,NA,0,NA,2010-10-11,
Skyler,unknown,M,2010-03-05,NA,0,NA,2015-12-26,
Smuckers,S,F,2010-02-01,NA,0,2010-03-27,2010-03-27,Sookie
Snicker,H,M,2008-02-05,NA,0,2008-03-22,2008-03-22,Hershey
Sol,unknown,M,2004-12-27,NA,0,NA,2015-12-26,
Sony,unknown,M,1998-05-01,NA,0,NA,2013-01-31,
Sookie,S,F,2000-03-01,NA,0,NA,2010-10-11,
Spam,unknown,M,1999-10-25,2008-10-01,0,NA,2008-10-30,
Spit,L,M,2006-07-18,NA,0,2007-01-24,2007-01-24,Lippy or Lefty
Spot,unknown,M,1997-03-22,NA,1,NA,2012-03-19,
Sudan,unknown,M,1995-07-05,2008-02-01,1,NA,2008-03-06,
Sugar,S,F,2003-03-01,2010-07-01,0,NA,2010-10-11,
Sunshine,S,F,2001-03-01,NA,0,NA,2010-10-11,
Sweetpea,S,F,2001-03-01,NA,0,NA,2010-10-11,
Tabasco,T,M,2015-09-01,NA,0,NA,2015-12-26,Tater
Taffy,T,F,2005-08-17,NA,0,NA,2015-12-26,
Tail,T,F,1984-04-08,NA,0,2012-03-26,2012-03-26,
Talisman,T,M,2005-11-01,NA,0,NA,2015-12-26,Trapezoid
Tampin,T,F,2015-11-22,NA,0,NA,2015-12-26,Trudy
Tangle,T,M,2004-06-15,NA,0,NA,2012-11-22,Trudy
Tao,unknown,M,2001-05-16,NA,1,NA,2010-02-26,
Tariku,unknown,M,1998-03-03,2009-05-11,0,2011-11-05,2011-11-05,
Tater,T,F,2007-05-15,NA,0,NA,2015-12-26,Tubby
Taurus,C,M,2007-01-16,NA,0,NA,2012-07-20,Carmen
Tazo,T,F,2013-04-27,NA,0,NA,2015-12-26,Tea
Tdog,T,M,2013-08-13,NA,0,NA,2015-12-26,Taffy
Tea,T,F,2002-06-04,NA,0,NA,2015-12-26,Tail
Tecate,C,M,2007-09-02,NA,0,NA,2015-12-26,Corona
Teeny,T,F,2013-04-11,NA,0,2013-06-11,2013-06-11,Tiny
Tef,T,F,1995-09-16,NA,0,2008-09-08,2008-09-08,
Tehol,T,M,2013-04-10,NA,0,NA,2015-12-26,Top
Tekle,H,M,2008-01-15,NA,0,2008-03-27,2008-03-27,Himanot
Telek,T,F,2013-08-18,NA,0,NA,2015-12-26,Trudy
Tempest,T,M,2011-07-19,NA,0,NA,2015-12-26,TukTuk
Tenesh,T,M,2013-09-19,NA,0,NA,2015-12-26,Thandi
Tequila,unknown,M,2000-09-23,NA,0,NA,2013-05-18,
Tess,T,F,2006-04-18,NA,0,NA,2015-12-26,Tail
Thandi,T,F,2007-11-16,NA,0,2014-09-08,2014-09-08,Tripod
Theo,T,M,2005-03-01,NA,0,NA,2011-12-03,Tubby
Thumper,T,F,2009-08-05,NA,0,NA,2015-12-26,Top
Thyme,C,M,2007-12-13,NA,0,2009-02-23,2009-02-23,Coo
Tibs,T,F,2015-03-25,NA,0,NA,2015-12-26,Tess
Tickle,T,F,2011-03-14,NA,0,NA,2015-12-26,Taffy
Tigabu,unknown,M,1999-04-10,NA,1,NA,2008-07-01,
Tiny,T,F,1994-06-16,NA,0,2013-06-11,2013-06-11,
Tipi,T,F,2007-06-18,NA,0,NA,2015-12-26,Tail
Tiramisu,T,F,2011-10-31,NA,0,2012-11-03,2012-11-03,Top
Toadkiller Dog,V,M,2011-12-20,NA,0,NA,2015-12-26,Valerie
Tobasco,P,M,2006-04-07,NA,0,NA,2008-04-12,Peri
Todd,T,M,2014-07-07,NA,0,NA,2015-12-26,Tipi
Top,T,F,2003-10-01,NA,0,NA,2015-12-26,Tail
Toronto,T,M,2009-11-13,NA,0,NA,2015-12-26,Trudy
Tot,T,M,2013-02-09,NA,0,NA,2015-12-26,Tater
Trapezoid,T,F,1994-07-25,NA,0,2007-07-22,2007-07-22,
Treebeard,T,M,2015-07-12,NA,0,NA,2015-12-26,
Tripod,T,F,1993-04-05,2009-04-01,0,2009-04-01,2009-04-01,
Trouble,T,M,2014-08-02,NA,0,2014-08-05,2014-08-05,Tess
Trudy,T,F,1990-06-07,NA,0,NA,2015-12-26,
Ttt,T,F,2013-07-16,NA,0,2013-07-16,2013-07-16,Tipi
Tubby,T,F,1994-07-31,2010-02-01,0,2010-06-23,2010-06-23,
Tuk Tuk,T,F,2005-11-15,NA,0,2013-10-13,2013-10-13,Tripod
Turbo,unknown,M,1998-10-08,2008-03-01,0,NA,2008-04-21,
Twiggy,T,F,2010-11-14,NA,0,NA,2015-12-26,Tea
Two,unknown,M,1993-03-04,NA,0,2009-08-08,2009-08-08,
Tybalt,T,M,2015-07-19,NA,0,NA,2015-12-26,Tea
Tyrone,T,M,2011-07-14,NA,0,2012-03-26,2012-03-26,Tail
Tyson,unknown,M,2002-05-30,NA,1,NA,2013-08-30,
Tywin,unknown,M,1999-06-03,NA,0,NA,2013-11-15,
Uggs,Z1,M,2006-03-09,NA,0,NA,2014-06-25,
Vague,V,F,2010-02-12,NA,0,2010-08-05,2010-08-05,Veronica
Vail,V,M,2013-07-15,NA,0,NA,2015-12-26,Vienna
Valerie,V,F,2001-03-01,NA,0,NA,2015-12-26,
Vampire,V,F,2001-12-01,NA,0,NA,2015-12-26,
Vanessish,V,F,2009-10-13,NA,0,2011-07-24,2011-07-24,Vye
Vasco,M,M,2011-09-24,NA,0,2012-06-18,2012-06-18,Mimi
Vee,V,F,2014-11-30,NA,0,NA,2015-12-26,Valerie
VelociRappa,V,M,2010-01-25,NA,0,2011-05-23,2011-05-23,Vampire
Veronica,V,F,1994-08-09,NA,0,2010-08-05,2010-08-05,
Vespa,V,F,1994-04-17,NA,0,2013-04-12,2013-04-12,
Vex,V,M,2007-12-01,NA,0,NA,2015-12-26,Vye
Vicky,V,F,2007-06-01,NA,0,2010-08-05,2010-08-05,Veronica
Vidalia,V,F,2014-10-09,NA,0,NA,2015-12-26,Vivien
Vienna,V,F,2007-03-11,NA,0,NA,2015-12-26,Valerie
Viktor,V,M,2007-12-01,NA,0,2012-03-20,2012-03-20,Vampire
Vimto,V,M,2012-01-17,NA,0,NA,2015-12-26,Vespa
Vin Diesel,V,M,2009-08-08,NA,0,2011-10-01,2011-10-01,Valerie
Violet,V,F,2005-02-14,NA,0,NA,2015-12-26,Vye
Viper,V,M,2008-11-01,2013-02-01,0,2015-03-06,2015-03-06,Vespa
Viquot,V,M,2015-06-21,NA,0,NA,2015-12-26,Vixen
Virga,V,F,2011-11-08,NA,0,NA,2015-12-26,Violet
Vishnu,V,F,2013-12-25,NA,0,NA,2015-12-26,Vampire
Vivien,V,F,2005-02-14,NA,0,NA,2015-12-26,not any adult Vs
Vixen,V,F,2007-12-01,NA,0,NA,2015-12-26,
Vladmir,V,M,2012-06-11,NA,0,NA,2015-12-26,Vivien
Vodka,unknown,M,2003-03-24,NA,0,NA,2015-12-26,
Von Striver,V,F,2012-01-29,NA,0,NA,2015-12-26,Vampire
Voodoo,V,F,2014-09-17,NA,0,NA,2015-12-26,Violet
Vortex,V,F,2014-10-03,NA,0,NA,2015-12-26,Vye
Vye,V,F,1999-02-01,NA,0,NA,2015-12-26,
Wafer,W-old,F,2001-01-04,NA,0,NA,2008-06-26,
Waggle-dance,B1,M,2010-09-29,NA,0,NA,2015-12-26,Bee
Waka Waka,unknown,M,2005-07-23,NA,0,NA,2015-12-26,
Walter,unknown,M,2003-04-01,NA,0,2014-09-22,2014-09-22,
Wanda,W-old,F,1992-06-30,NA,0,NA,2008-06-26,
Wasp,W-old,F,2007-05-24,NA,0,NA,2008-06-26,Weevil
Waxy,W-old,F,2007-04-12,NA,0,NA,2008-06-26,Wafer
Wayne,unknown,M,1998-02-26,NA,1,NA,2010-08-07,
Webay,unknown,M,2001-04-01,2013-01-01,0,2014-01-15,2014-01-15,
Weevil,W-old,F,2001-02-15,NA,0,NA,2008-06-26,
Wendy,W-old,F,1995-06-30,NA,0,NA,2008-06-26,
Whale,unknown,M,1998-03-15,NA,1,NA,2011-05-20,
Widget,W-old,F,2007-06-14,NA,0,NA,2008-06-26,Wilma
Wilma,W-old,F,1992-06-30,NA,0,NA,2008-06-26,
Woo,W-old,F,1995-06-30,NA,0,NA,2008-06-26,#N/A
Wudu,W-old,F,1995-06-30,NA,0,NA,2008-06-26,#N/A
Wusha,W-old,F,2007-06-18,NA,0,NA,2008-06-26,Wudu
Wutma,W-old,F,2006-05-24,NA,0,2006-06-02,2006-06-02,Wilma
Xavier,Z,M,2009-01-08,NA,0,NA,2015-12-26,Zamboni
Xicato,T,M,2011-09-17,NA,0,2012-06-16,2012-06-16,Trudy
Yahoo,unknown,M,1997-06-02,NA,1,NA,2008-11-13,
Yellowman,unknown,M,1998-11-06,2011-02-01,0,NA,2015-12-26,
Yideg,unknown,M,2000-06-24,2009-07-01,0,NA,2011-01-01,
Yippiecayay,K,M,2010-05-21,NA,0,2010-06-01,2010-06-01,Kima
Yoshi,unknown,M,2006-03-09,NA,0,NA,2015-12-26,
Zabeeb,Z,F,2013-11-15,NA,0,NA,2015-12-26,Zee
Zach,Z5,M,2015-09-15,NA,0,NA,2015-12-26,Zee
Zaire,Z,M,2009-07-29,NA,0,NA,2015-12-26,Zimbaba
Zamboni,Z,F,1991-06-07,NA,0,NA,2015-12-26,
Zanzibar,Z3,F,2015-09-20,NA,0,NA,2015-12-26,Zoe
Zappa,unknown,M,2000-07-03,NA,0,NA,2015-12-26,
Zara,Z,F,2005-11-01,NA,0,NA,2015-12-26,Zelda
Zaybar,Z,F,1989-02-05,NA,0,2008-10-10,2008-10-10,
Zazu,Z,F,2012-04-01,NA,0,2014-05-04,2014-05-05,Zion
Zebra,Z,F,2007-07-02,NA,0,NA,2015-12-26,Zoo
Zee,Z,F,2004-06-15,NA,0,NA,2015-12-26,
Zelda,Z,F,1996-01-14,2007-04-01,0,2009-01-10,2009-01-10,
Zen,Z,M,2007-04-22,NA,0,NA,2014-01-10,Zion
Zephyr,Z,M,2012-07-27,NA,0,NA,2015-12-26,Zara
Zerbert,Z,F,2010-10-16,NA,0,NA,2015-12-26,Zamboni
Zetena,unknown,M,1998-04-12,NA,1,NA,2012-01-11,
Zeus,unknown,M,1998-04-12,2013-10-01,0,NA,2015-12-26,
Ziggy,Z,M,2013-10-17,NA,0,2014-03-26,2014-03-26,Zoo
Zilch,Z,M,2007-03-31,NA,0,NA,2012-03-01,Zamboni
Zimbaba,Z,F,1988-06-07,NA,0,2015-07-28,2015-07-28,
Zion,Z,F,1997-01-01,NA,0,NA,2015-12-26,
Zipadee,Z,F,2002-11-06,2013-12-01,0,2014-02-15,2014-03-26,Zion
Zirzir,Z,M,2009-11-16,NA,0,NA,2015-12-26,Zee
Ziti,Z5,F,2015-10-28,NA,0,NA,2015-12-26,
Ziv,Z5,M,2015-06-29,NA,0,NA,2015-12-26,Zamboni
Zoe,Z,F,2009-10-02,NA,0,NA,2015-12-26,Zoo
Zonkos,Z3,M,2015-09-26,NA,0,NA,2015-12-26,Zebra
Zoo,Z,F,2001-03-26,NA,0,NA,2015-12-26,Zimbaba
Zorro,Z,M,2007-03-31,NA,0,NA,2015-12-26,Zaybar
Zoudu,Z,M,2009-10-05,NA,0,NA,2015-12-26,Zion
Zsolt,Z,M,2012-10-24,NA,0,NA,2015-12-26,Zamboni
Zucchini,Z3,F,2015-05-28,NA,0,NA,2015-12-26,Zoo
Zumzum,Z,F,2011-08-30,NA,0,2013-07-02,2013-07-02,Zoo
Zygote,Z,F,2013-11-05,NA,0,NA,2015-12-26,Zion
Zylo,Z,F,2012-06-07,NA,0,NA,2015-12-26,Zee
